"","State","Year","HDI"
"1","Andaman and Nicobar",1990,0.686
"2","Andaman and Nicobar",1991,0.69
"3","Andaman and Nicobar",1992,0.697
"4","Andaman and Nicobar",1993,0.691
"5","Andaman and Nicobar",1994,0.688
"6","Andaman and Nicobar",1995,0.685
"7","Andaman and Nicobar",1996,0.684
"8","Andaman and Nicobar",1997,0.682
"9","Andaman and Nicobar",1998,0.681
"10","Andaman and Nicobar",1999,0.682
"11","Andaman and Nicobar",2000,0.684
"12","Andaman and Nicobar",2001,0.685
"13","Andaman and Nicobar",2002,0.688
"14","Andaman and Nicobar",2003,0.699
"15","Andaman and Nicobar",2004,0.705
"16","Andaman and Nicobar",2005,0.712
"17","Andaman and Nicobar",2006,0.718
"18","Andaman and Nicobar",2007,0.713
"19","Andaman and Nicobar",2008,0.707
"20","Andaman and Nicobar",2009,0.699
"21","Andaman and Nicobar",2010,0.697
"22","Andaman and Nicobar",2011,0.7
"23","Andaman and Nicobar",2012,0.696
"24","Andaman and Nicobar",2013,0.7
"25","Andaman and Nicobar",2014,0.708
"26","Andaman and Nicobar",2015,0.714
"27","Andaman and Nicobar",2016,0.723
"28","Andaman and Nicobar",2017,0.718
"29","Andaman and Nicobar",2018,0.707
"30","Andaman and Nicobar",2019,0.699
"31","Andaman and Nicobar",2020,0.699
"32","Andaman and Nicobar",2021,0.693
"33","Andaman and Nicobar",2022,0.706
"34","Andaman and Nicobar",2023,0.70575
"35","Andaman and Nicobar",2024,0.7055
"36","Andaman and Nicobar",2025,0.70525
"37","Andhra Pradesh",1990,0.428
"38","Andhra Pradesh",1991,0.43
"39","Andhra Pradesh",1992,0.435
"40","Andhra Pradesh",1993,0.438
"41","Andhra Pradesh",1994,0.441
"42","Andhra Pradesh",1995,0.446
"43","Andhra Pradesh",1996,0.45
"44","Andhra Pradesh",1997,0.454
"45","Andhra Pradesh",1998,0.459
"46","Andhra Pradesh",1999,0.464
"47","Andhra Pradesh",2000,0.472
"48","Andhra Pradesh",2001,0.478
"49","Andhra Pradesh",2002,0.487
"50","Andhra Pradesh",2003,0.502
"51","Andhra Pradesh",2004,0.513
"52","Andhra Pradesh",2005,0.524
"53","Andhra Pradesh",2006,0.535
"54","Andhra Pradesh",2007,0.546
"55","Andhra Pradesh",2008,0.554
"56","Andhra Pradesh",2009,0.56
"57","Andhra Pradesh",2010,0.571
"58","Andhra Pradesh",2011,0.586
"59","Andhra Pradesh",2012,0.595
"60","Andhra Pradesh",2013,0.602
"61","Andhra Pradesh",2014,0.614
"62","Andhra Pradesh",2015,0.623
"63","Andhra Pradesh",2016,0.635
"64","Andhra Pradesh",2017,0.638
"65","Andhra Pradesh",2018,0.635
"66","Andhra Pradesh",2019,0.635
"67","Andhra Pradesh",2020,0.635
"68","Andhra Pradesh",2021,0.63
"69","Andhra Pradesh",2022,0.642
"70","Andhra Pradesh",2023,0.64375
"71","Andhra Pradesh",2024,0.6455
"72","Andhra Pradesh",2025,0.64725
"73","Arunachal Pradesh",1990,0.442
"74","Arunachal Pradesh",1991,0.445
"75","Arunachal Pradesh",1992,0.449
"76","Arunachal Pradesh",1993,0.455
"77","Arunachal Pradesh",1994,0.461
"78","Arunachal Pradesh",1995,0.467
"79","Arunachal Pradesh",1996,0.474
"80","Arunachal Pradesh",1997,0.479
"81","Arunachal Pradesh",1998,0.485
"82","Arunachal Pradesh",1999,0.493
"83","Arunachal Pradesh",2000,0.496
"84","Arunachal Pradesh",2001,0.499
"85","Arunachal Pradesh",2002,0.503
"86","Arunachal Pradesh",2003,0.514
"87","Arunachal Pradesh",2004,0.521
"88","Arunachal Pradesh",2005,0.528
"89","Arunachal Pradesh",2006,0.535
"90","Arunachal Pradesh",2007,0.562
"91","Arunachal Pradesh",2008,0.586
"92","Arunachal Pradesh",2009,0.606
"93","Arunachal Pradesh",2010,0.632
"94","Arunachal Pradesh",2011,0.66
"95","Arunachal Pradesh",2012,0.682
"96","Arunachal Pradesh",2013,0.672
"97","Arunachal Pradesh",2014,0.666
"98","Arunachal Pradesh",2015,0.655
"99","Arunachal Pradesh",2016,0.645
"100","Arunachal Pradesh",2017,0.659
"101","Arunachal Pradesh",2018,0.666
"102","Arunachal Pradesh",2019,0.675
"103","Arunachal Pradesh",2020,0.675
"104","Arunachal Pradesh",2021,0.67
"105","Arunachal Pradesh",2022,0.683
"106","Arunachal Pradesh",2023,0.68725
"107","Arunachal Pradesh",2024,0.6915
"108","Arunachal Pradesh",2025,0.69575
"109","Assam",1990,0.413
"110","Assam",1991,0.415
"111","Assam",1992,0.42
"112","Assam",1993,0.426
"113","Assam",1994,0.434
"114","Assam",1995,0.442
"115","Assam",1996,0.45
"116","Assam",1997,0.458
"117","Assam",1998,0.466
"118","Assam",1999,0.476
"119","Assam",2000,0.481
"120","Assam",2001,0.486
"121","Assam",2002,0.493
"122","Assam",2003,0.506
"123","Assam",2004,0.515
"124","Assam",2005,0.524
"125","Assam",2006,0.533
"126","Assam",2007,0.54
"127","Assam",2008,0.545
"128","Assam",2009,0.549
"129","Assam",2010,0.557
"130","Assam",2011,0.569
"131","Assam",2012,0.576
"132","Assam",2013,0.579
"133","Assam",2014,0.586
"134","Assam",2015,0.59
"135","Assam",2016,0.598
"136","Assam",2017,0.605
"137","Assam",2018,0.605
"138","Assam",2019,0.609
"139","Assam",2020,0.608
"140","Assam",2021,0.603
"141","Assam",2022,0.615
"142","Assam",2023,0.6175
"143","Assam",2024,0.62
"144","Assam",2025,0.6225
"145","Bihar",1990,0.38
"146","Bihar",1991,0.382
"147","Bihar",1992,0.387
"148","Bihar",1993,0.391
"149","Bihar",1994,0.396
"150","Bihar",1995,0.402
"151","Bihar",1996,0.408
"152","Bihar",1997,0.413
"153","Bihar",1998,0.418
"154","Bihar",1999,0.425
"155","Bihar",2000,0.429
"156","Bihar",2001,0.432
"157","Bihar",2002,0.437
"158","Bihar",2003,0.448
"159","Bihar",2004,0.455
"160","Bihar",2005,0.463
"161","Bihar",2006,0.47
"162","Bihar",2007,0.481
"163","Bihar",2008,0.489
"164","Bihar",2009,0.495
"165","Bihar",2010,0.506
"166","Bihar",2011,0.519
"167","Bihar",2012,0.527
"168","Bihar",2013,0.533
"169","Bihar",2014,0.543
"170","Bihar",2015,0.551
"171","Bihar",2016,0.561
"172","Bihar",2017,0.567
"173","Bihar",2018,0.567
"174","Bihar",2019,0.571
"175","Bihar",2020,0.57
"176","Bihar",2021,0.566
"177","Bihar",2022,0.577
"178","Bihar",2023,0.5795
"179","Bihar",2024,0.582
"180","Bihar",2025,0.5845
"181","Chandigarh",1990,0.636
"182","Chandigarh",1991,0.639
"183","Chandigarh",1992,0.646
"184","Chandigarh",1993,0.64
"185","Chandigarh",1994,0.635
"186","Chandigarh",1995,0.632
"187","Chandigarh",1996,0.631
"188","Chandigarh",1997,0.628
"189","Chandigarh",1998,0.626
"190","Chandigarh",1999,0.627
"191","Chandigarh",2000,0.628
"192","Chandigarh",2001,0.629
"193","Chandigarh",2002,0.632
"194","Chandigarh",2003,0.643
"195","Chandigarh",2004,0.649
"196","Chandigarh",2005,0.655
"197","Chandigarh",2006,0.661
"198","Chandigarh",2007,0.656
"199","Chandigarh",2008,0.65
"200","Chandigarh",2009,0.642
"201","Chandigarh",2010,0.639
"202","Chandigarh",2011,0.641
"203","Chandigarh",2012,0.638
"204","Chandigarh",2013,0.666
"205","Chandigarh",2014,0.697
"206","Chandigarh",2015,0.725
"207","Chandigarh",2016,0.755
"208","Chandigarh",2017,0.756
"209","Chandigarh",2018,0.749
"210","Chandigarh",2019,0.745
"211","Chandigarh",2020,0.745
"212","Chandigarh",2021,0.738
"213","Chandigarh",2022,0.751
"214","Chandigarh",2023,0.7515
"215","Chandigarh",2024,0.752
"216","Chandigarh",2025,0.7525
"217","Chhattisgarh",1990,0.563
"218","Chhattisgarh",1991,0.566
"219","Chhattisgarh",1992,0.571
"220","Chhattisgarh",1993,0.566
"221","Chhattisgarh",1994,0.562
"222","Chhattisgarh",1995,0.559
"223","Chhattisgarh",1996,0.557
"224","Chhattisgarh",1997,0.554
"225","Chhattisgarh",1998,0.552
"226","Chhattisgarh",1999,0.552
"227","Chhattisgarh",2000,0.553
"228","Chhattisgarh",2001,0.554
"229","Chhattisgarh",2002,0.557
"230","Chhattisgarh",2003,0.567
"231","Chhattisgarh",2004,0.573
"232","Chhattisgarh",2005,0.578
"233","Chhattisgarh",2006,0.584
"234","Chhattisgarh",2007,0.58
"235","Chhattisgarh",2008,0.573
"236","Chhattisgarh",2009,0.566
"237","Chhattisgarh",2010,0.563
"238","Chhattisgarh",2011,0.565
"239","Chhattisgarh",2012,0.562
"240","Chhattisgarh",2013,0.568
"241","Chhattisgarh",2014,0.578
"242","Chhattisgarh",2015,0.586
"243","Chhattisgarh",2016,0.597
"244","Chhattisgarh",2017,0.607
"245","Chhattisgarh",2018,0.611
"246","Chhattisgarh",2019,0.618
"247","Chhattisgarh",2020,0.618
"248","Chhattisgarh",2021,0.613
"249","Chhattisgarh",2022,0.625
"250","Chhattisgarh",2023,0.6285
"251","Chhattisgarh",2024,0.632
"252","Chhattisgarh",2025,0.6355
"253","Dadra and Nagar Haveli",1990,0.672
"254","Dadra and Nagar Haveli",1991,0.676
"255","Dadra and Nagar Haveli",1992,0.682
"256","Dadra and Nagar Haveli",1993,0.68
"257","Dadra and Nagar Haveli",1994,0.676
"258","Dadra and Nagar Haveli",1995,0.673
"259","Dadra and Nagar Haveli",1996,0.672
"260","Dadra and Nagar Haveli",1997,0.67
"261","Dadra and Nagar Haveli",1998,0.669
"262","Dadra and Nagar Haveli",1999,0.67
"263","Dadra and Nagar Haveli",2000,0.672
"264","Dadra and Nagar Haveli",2001,0.673
"265","Dadra and Nagar Haveli",2002,0.676
"266","Dadra and Nagar Haveli",2003,0.687
"267","Dadra and Nagar Haveli",2004,0.693
"268","Dadra and Nagar Haveli",2005,0.699
"269","Dadra and Nagar Haveli",2006,0.706
"270","Dadra and Nagar Haveli",2007,0.701
"271","Dadra and Nagar Haveli",2008,0.695
"272","Dadra and Nagar Haveli",2009,0.687
"273","Dadra and Nagar Haveli",2010,0.685
"274","Dadra and Nagar Haveli",2011,0.687
"275","Dadra and Nagar Haveli",2012,0.684
"276","Dadra and Nagar Haveli",2013,0.673
"277","Dadra and Nagar Haveli",2014,0.665
"278","Dadra and Nagar Haveli",2015,0.655
"279","Dadra and Nagar Haveli",2016,0.647
"280","Dadra and Nagar Haveli",2017,0.64
"281","Dadra and Nagar Haveli",2018,0.628
"282","Dadra and Nagar Haveli",2019,0.618
"283","Dadra and Nagar Haveli",2020,0.618
"284","Dadra and Nagar Haveli",2021,0.613
"285","Dadra and Nagar Haveli",2022,0.624
"286","Dadra and Nagar Haveli",2023,0.623
"287","Dadra and Nagar Haveli",2024,0.622
"288","Dadra and Nagar Haveli",2025,0.621
"289","Daman and Diu",1990,0.651
"290","Daman and Diu",1991,0.656
"291","Daman and Diu",1992,0.663
"292","Daman and Diu",1993,0.658
"293","Daman and Diu",1994,0.654
"294","Daman and Diu",1995,0.652
"295","Daman and Diu",1996,0.651
"296","Daman and Diu",1997,0.65
"297","Daman and Diu",1998,0.65
"298","Daman and Diu",1999,0.651
"299","Daman and Diu",2000,0.654
"300","Daman and Diu",2001,0.654
"301","Daman and Diu",2002,0.657
"302","Daman and Diu",2003,0.668
"303","Daman and Diu",2004,0.673
"304","Daman and Diu",2005,0.679
"305","Daman and Diu",2006,0.685
"306","Daman and Diu",2007,0.681
"307","Daman and Diu",2008,0.675
"308","Daman and Diu",2009,0.668
"309","Daman and Diu",2010,0.666
"310","Daman and Diu",2011,0.669
"311","Daman and Diu",2012,0.666
"312","Daman and Diu",2013,0.669
"313","Daman and Diu",2014,0.677
"314","Daman and Diu",2015,0.682
"315","Daman and Diu",2016,0.69
"316","Daman and Diu",2017,0.686
"317","Daman and Diu",2018,0.676
"318","Daman and Diu",2019,0.668
"319","Daman and Diu",2020,0.668
"320","Daman and Diu",2021,0.662
"321","Daman and Diu",2022,0.674
"322","Daman and Diu",2023,0.6735
"323","Daman and Diu",2024,0.673
"324","Daman and Diu",2025,0.6725
"325","Delhi",1990,0.581
"326","Delhi",1991,0.585
"327","Delhi",1992,0.592
"328","Delhi",1993,0.598
"329","Delhi",1994,0.606
"330","Delhi",1995,0.614
"331","Delhi",1996,0.624
"332","Delhi",1997,0.633
"333","Delhi",1998,0.642
"334","Delhi",1999,0.653
"335","Delhi",2000,0.656
"336","Delhi",2001,0.658
"337","Delhi",2002,0.661
"338","Delhi",2003,0.671
"339","Delhi",2004,0.677
"340","Delhi",2005,0.683
"341","Delhi",2006,0.689
"342","Delhi",2007,0.694
"343","Delhi",2008,0.695
"344","Delhi",2009,0.695
"345","Delhi",2010,0.699
"346","Delhi",2011,0.708
"347","Delhi",2012,0.711
"348","Delhi",2013,0.713
"349","Delhi",2014,0.719
"350","Delhi",2015,0.722
"351","Delhi",2016,0.727
"352","Delhi",2017,0.732
"353","Delhi",2018,0.729
"354","Delhi",2019,0.728
"355","Delhi",2020,0.728
"356","Delhi",2021,0.722
"357","Delhi",2022,0.734
"358","Delhi",2023,0.73525
"359","Delhi",2024,0.7365
"360","Delhi",2025,0.73775
"361","Goa",1990,0.558
"362","Goa",1991,0.561
"363","Goa",1992,0.567
"364","Goa",1993,0.57
"365","Goa",1994,0.573
"366","Goa",1995,0.577
"367","Goa",1996,0.583
"368","Goa",1997,0.587
"369","Goa",1998,0.592
"370","Goa",1999,0.599
"371","Goa",2000,0.608
"372","Goa",2001,0.615
"373","Goa",2002,0.624
"374","Goa",2003,0.641
"375","Goa",2004,0.653
"376","Goa",2005,0.665
"377","Goa",2006,0.678
"378","Goa",2007,0.692
"379","Goa",2008,0.704
"380","Goa",2009,0.713
"381","Goa",2010,0.728
"382","Goa",2011,0.747
"383","Goa",2012,0.759
"384","Goa",2013,0.753
"385","Goa",2014,0.751
"386","Goa",2015,0.746
"387","Goa",2016,0.743
"388","Goa",2017,0.751
"389","Goa",2018,0.751
"390","Goa",2019,0.753
"391","Goa",2020,0.754
"392","Goa",2021,0.747
"393","Goa",2022,0.76
"394","Goa",2023,0.76225
"395","Goa",2024,0.7645
"396","Goa",2025,0.76675
"397","Gujarat",1990,0.474
"398","Gujarat",1991,0.477
"399","Gujarat",1992,0.483
"400","Gujarat",1993,0.485
"401","Gujarat",1994,0.488
"402","Gujarat",1995,0.492
"403","Gujarat",1996,0.498
"404","Gujarat",1997,0.502
"405","Gujarat",1998,0.507
"406","Gujarat",1999,0.514
"407","Gujarat",2000,0.52
"408","Gujarat",2001,0.526
"409","Gujarat",2002,0.533
"410","Gujarat",2003,0.547
"411","Gujarat",2004,0.556
"412","Gujarat",2005,0.566
"413","Gujarat",2006,0.577
"414","Gujarat",2007,0.583
"415","Gujarat",2008,0.587
"416","Gujarat",2009,0.589
"417","Gujarat",2010,0.597
"418","Gujarat",2011,0.608
"419","Gujarat",2012,0.614
"420","Gujarat",2013,0.622
"421","Gujarat",2014,0.634
"422","Gujarat",2015,0.643
"423","Gujarat",2016,0.656
"424","Gujarat",2017,0.654
"425","Gujarat",2018,0.645
"426","Gujarat",2019,0.64
"427","Gujarat",2020,0.64
"428","Gujarat",2021,0.635
"429","Gujarat",2022,0.646
"430","Gujarat",2023,0.64625
"431","Gujarat",2024,0.6465
"432","Gujarat",2025,0.64675
"433","Haryana",1990,0.471
"434","Haryana",1991,0.474
"435","Haryana",1992,0.479
"436","Haryana",1993,0.485
"437","Haryana",1994,0.493
"438","Haryana",1995,0.501
"439","Haryana",1996,0.51
"440","Haryana",1997,0.518
"441","Haryana",1998,0.527
"442","Haryana",1999,0.537
"443","Haryana",2000,0.542
"444","Haryana",2001,0.546
"445","Haryana",2002,0.553
"446","Haryana",2003,0.566
"447","Haryana",2004,0.575
"448","Haryana",2005,0.584
"449","Haryana",2006,0.594
"450","Haryana",2007,0.603
"451","Haryana",2008,0.61
"452","Haryana",2009,0.615
"453","Haryana",2010,0.625
"454","Haryana",2011,0.639
"455","Haryana",2012,0.648
"456","Haryana",2013,0.656
"457","Haryana",2014,0.669
"458","Haryana",2015,0.678
"459","Haryana",2016,0.691
"460","Haryana",2017,0.694
"461","Haryana",2018,0.69
"462","Haryana",2019,0.689
"463","Haryana",2020,0.689
"464","Haryana",2021,0.683
"465","Haryana",2022,0.696
"466","Haryana",2023,0.6975
"467","Haryana",2024,0.699
"468","Haryana",2025,0.7005
"469","Himachal Pradesh",1990,0.485
"470","Himachal Pradesh",1991,0.488
"471","Himachal Pradesh",1992,0.493
"472","Himachal Pradesh",1993,0.503
"473","Himachal Pradesh",1994,0.514
"474","Himachal Pradesh",1995,0.525
"475","Himachal Pradesh",1996,0.538
"476","Himachal Pradesh",1997,0.549
"477","Himachal Pradesh",1998,0.562
"478","Himachal Pradesh",1999,0.575
"479","Himachal Pradesh",2000,0.583
"480","Himachal Pradesh",2001,0.589
"481","Himachal Pradesh",2002,0.598
"482","Himachal Pradesh",2003,0.615
"483","Himachal Pradesh",2004,0.626
"484","Himachal Pradesh",2005,0.638
"485","Himachal Pradesh",2006,0.65
"486","Himachal Pradesh",2007,0.653
"487","Himachal Pradesh",2008,0.654
"488","Himachal Pradesh",2009,0.653
"489","Himachal Pradesh",2010,0.658
"490","Himachal Pradesh",2011,0.667
"491","Himachal Pradesh",2012,0.67
"492","Himachal Pradesh",2013,0.677
"493","Himachal Pradesh",2014,0.688
"494","Himachal Pradesh",2015,0.696
"495","Himachal Pradesh",2016,0.707
"496","Himachal Pradesh",2017,0.712
"497","Himachal Pradesh",2018,0.709
"498","Himachal Pradesh",2019,0.709
"499","Himachal Pradesh",2020,0.709
"500","Himachal Pradesh",2021,0.703
"501","Himachal Pradesh",2022,0.715
"502","Himachal Pradesh",2023,0.7165
"503","Himachal Pradesh",2024,0.718
"504","Himachal Pradesh",2025,0.7195
"505","Jammu and Kashmir",1990,0.499
"506","Jammu and Kashmir",1991,0.502
"507","Jammu and Kashmir",1992,0.507
"508","Jammu and Kashmir",1993,0.506
"509","Jammu and Kashmir",1994,0.506
"510","Jammu and Kashmir",1995,0.507
"511","Jammu and Kashmir",1996,0.509
"512","Jammu and Kashmir",1997,0.51
"513","Jammu and Kashmir",1998,0.511
"514","Jammu and Kashmir",1999,0.514
"515","Jammu and Kashmir",2000,0.522
"516","Jammu and Kashmir",2001,0.53
"517","Jammu and Kashmir",2002,0.539
"518","Jammu and Kashmir",2003,0.556
"519","Jammu and Kashmir",2004,0.568
"520","Jammu and Kashmir",2005,0.581
"521","Jammu and Kashmir",2006,0.593
"522","Jammu and Kashmir",2007,0.605
"523","Jammu and Kashmir",2008,0.614
"524","Jammu and Kashmir",2009,0.621
"525","Jammu and Kashmir",2010,0.633
"526","Jammu and Kashmir",2011,0.648
"527","Jammu and Kashmir",2012,0.658
"528","Jammu and Kashmir",2013,0.659
"529","Jammu and Kashmir",2014,0.665
"530","Jammu and Kashmir",2015,0.667
"531","Jammu and Kashmir",2016,0.672
"532","Jammu and Kashmir",2017,0.69
"533","Jammu and Kashmir",2018,0.7
"534","Jammu and Kashmir",2019,0.712
"535","Jammu and Kashmir",2020,0.712
"536","Jammu and Kashmir",2021,0.706
"537","Jammu and Kashmir",2022,0.72
"538","Jammu and Kashmir",2023,0.725
"539","Jammu and Kashmir",2024,0.73
"540","Jammu and Kashmir",2025,0.735
"541","Jharkhand",1990,0.563
"542","Jharkhand",1991,0.566
"543","Jharkhand",1992,0.572
"544","Jharkhand",1993,0.566
"545","Jharkhand",1994,0.562
"546","Jharkhand",1995,0.559
"547","Jharkhand",1996,0.557
"548","Jharkhand",1997,0.554
"549","Jharkhand",1998,0.553
"550","Jharkhand",1999,0.553
"551","Jharkhand",2000,0.554
"552","Jharkhand",2001,0.554
"553","Jharkhand",2002,0.557
"554","Jharkhand",2003,0.568
"555","Jharkhand",2004,0.573
"556","Jharkhand",2005,0.579
"557","Jharkhand",2006,0.585
"558","Jharkhand",2007,0.58
"559","Jharkhand",2008,0.574
"560","Jharkhand",2009,0.566
"561","Jharkhand",2010,0.564
"562","Jharkhand",2011,0.566
"563","Jharkhand",2012,0.562
"564","Jharkhand",2013,0.565
"565","Jharkhand",2014,0.572
"566","Jharkhand",2015,0.577
"567","Jharkhand",2016,0.584
"568","Jharkhand",2017,0.59
"569","Jharkhand",2018,0.59
"570","Jharkhand",2019,0.593
"571","Jharkhand",2020,0.593
"572","Jharkhand",2021,0.588
"573","Jharkhand",2022,0.6
"574","Jharkhand",2023,0.6025
"575","Jharkhand",2024,0.605
"576","Jharkhand",2025,0.6075
"577","Karnataka",1990,0.448
"578","Karnataka",1991,0.45
"579","Karnataka",1992,0.455
"580","Karnataka",1993,0.461
"581","Karnataka",1994,0.467
"582","Karnataka",1995,0.474
"583","Karnataka",1996,0.482
"584","Karnataka",1997,0.488
"585","Karnataka",1998,0.495
"586","Karnataka",1999,0.504
"587","Karnataka",2000,0.511
"588","Karnataka",2001,0.516
"589","Karnataka",2002,0.524
"590","Karnataka",2003,0.538
"591","Karnataka",2004,0.549
"592","Karnataka",2005,0.559
"593","Karnataka",2006,0.57
"594","Karnataka",2007,0.577
"595","Karnataka",2008,0.583
"596","Karnataka",2009,0.587
"597","Karnataka",2010,0.597
"598","Karnataka",2011,0.609
"599","Karnataka",2012,0.617
"600","Karnataka",2013,0.627
"601","Karnataka",2014,0.641
"602","Karnataka",2015,0.652
"603","Karnataka",2016,0.667
"604","Karnataka",2017,0.67
"605","Karnataka",2018,0.667
"606","Karnataka",2019,0.667
"607","Karnataka",2020,0.667
"608","Karnataka",2021,0.661
"609","Karnataka",2022,0.673
"610","Karnataka",2023,0.6745
"611","Karnataka",2024,0.676
"612","Karnataka",2025,0.6775
"613","Kerala",1990,0.551
"614","Kerala",1991,0.554
"615","Kerala",1992,0.56
"616","Kerala",1993,0.561
"617","Kerala",1994,0.563
"618","Kerala",1995,0.565
"619","Kerala",1996,0.569
"620","Kerala",1997,0.571
"621","Kerala",1998,0.574
"622","Kerala",1999,0.579
"623","Kerala",2000,0.592
"624","Kerala",2001,0.604
"625","Kerala",2002,0.618
"626","Kerala",2003,0.639
"627","Kerala",2004,0.656
"628","Kerala",2005,0.672
"629","Kerala",2006,0.689
"630","Kerala",2007,0.695
"631","Kerala",2008,0.698
"632","Kerala",2009,0.699
"633","Kerala",2010,0.706
"634","Kerala",2011,0.718
"635","Kerala",2012,0.723
"636","Kerala",2013,0.73
"637","Kerala",2014,0.741
"638","Kerala",2015,0.75
"639","Kerala",2016,0.761
"640","Kerala",2017,0.762
"641","Kerala",2018,0.755
"642","Kerala",2019,0.751
"643","Kerala",2020,0.751
"644","Kerala",2021,0.745
"645","Kerala",2022,0.758
"646","Kerala",2023,0.75875
"647","Kerala",2024,0.7595
"648","Kerala",2025,0.76025
"649","Lakshadweep",1990,0.695
"650","Lakshadweep",1991,0.699
"651","Lakshadweep",1992,0.706
"652","Lakshadweep",1993,0.7
"653","Lakshadweep",1994,0.697
"654","Lakshadweep",1995,0.694
"655","Lakshadweep",1996,0.693
"656","Lakshadweep",1997,0.691
"657","Lakshadweep",1998,0.69
"658","Lakshadweep",1999,0.691
"659","Lakshadweep",2000,0.694
"660","Lakshadweep",2001,0.695
"661","Lakshadweep",2002,0.698
"662","Lakshadweep",2003,0.709
"663","Lakshadweep",2004,0.715
"664","Lakshadweep",2005,0.721
"665","Lakshadweep",2006,0.728
"666","Lakshadweep",2007,0.723
"667","Lakshadweep",2008,0.717
"668","Lakshadweep",2009,0.709
"669","Lakshadweep",2010,0.707
"670","Lakshadweep",2011,0.71
"671","Lakshadweep",2012,0.706
"672","Lakshadweep",2013,0.71
"673","Lakshadweep",2014,0.718
"674","Lakshadweep",2015,0.723
"675","Lakshadweep",2016,0.732
"676","Lakshadweep",2017,0.729
"677","Lakshadweep",2018,0.719
"678","Lakshadweep",2019,0.712
"679","Lakshadweep",2020,0.713
"680","Lakshadweep",2021,0.706
"681","Lakshadweep",2022,0.719
"682","Lakshadweep",2023,0.719
"683","Lakshadweep",2024,0.719
"684","Lakshadweep",2025,0.719
"685","Madhya Pradesh",1990,0.408
"686","Madhya Pradesh",1991,0.41
"687","Madhya Pradesh",1992,0.415
"688","Madhya Pradesh",1993,0.418
"689","Madhya Pradesh",1994,0.422
"690","Madhya Pradesh",1995,0.427
"691","Madhya Pradesh",1996,0.432
"692","Madhya Pradesh",1997,0.436
"693","Madhya Pradesh",1998,0.44
"694","Madhya Pradesh",1999,0.446
"695","Madhya Pradesh",2000,0.452
"696","Madhya Pradesh",2001,0.456
"697","Madhya Pradesh",2002,0.463
"698","Madhya Pradesh",2003,0.475
"699","Madhya Pradesh",2004,0.484
"700","Madhya Pradesh",2005,0.493
"701","Madhya Pradesh",2006,0.503
"702","Madhya Pradesh",2007,0.51
"703","Madhya Pradesh",2008,0.516
"704","Madhya Pradesh",2009,0.52
"705","Madhya Pradesh",2010,0.528
"706","Madhya Pradesh",2011,0.54
"707","Madhya Pradesh",2012,0.547
"708","Madhya Pradesh",2013,0.555
"709","Madhya Pradesh",2014,0.567
"710","Madhya Pradesh",2015,0.577
"711","Madhya Pradesh",2016,0.589
"712","Madhya Pradesh",2017,0.598
"713","Madhya Pradesh",2018,0.6
"714","Madhya Pradesh",2019,0.605
"715","Madhya Pradesh",2020,0.605
"716","Madhya Pradesh",2021,0.599
"717","Madhya Pradesh",2022,0.611
"718","Madhya Pradesh",2023,0.61375
"719","Madhya Pradesh",2024,0.6165
"720","Madhya Pradesh",2025,0.61925
"721","Maharashtra",1990,0.498
"722","Maharashtra",1991,0.501
"723","Maharashtra",1992,0.507
"724","Maharashtra",1993,0.511
"725","Maharashtra",1994,0.515
"726","Maharashtra",1995,0.521
"727","Maharashtra",1996,0.527
"728","Maharashtra",1997,0.532
"729","Maharashtra",1998,0.538
"730","Maharashtra",1999,0.545
"731","Maharashtra",2000,0.551
"732","Maharashtra",2001,0.556
"733","Maharashtra",2002,0.563
"734","Maharashtra",2003,0.577
"735","Maharashtra",2004,0.586
"736","Maharashtra",2005,0.596
"737","Maharashtra",2006,0.606
"738","Maharashtra",2007,0.615
"739","Maharashtra",2008,0.621
"740","Maharashtra",2009,0.626
"741","Maharashtra",2010,0.636
"742","Maharashtra",2011,0.649
"743","Maharashtra",2012,0.657
"744","Maharashtra",2013,0.66
"745","Maharashtra",2014,0.668
"746","Maharashtra",2015,0.672
"747","Maharashtra",2016,0.68
"748","Maharashtra",2017,0.687
"749","Maharashtra",2018,0.686
"750","Maharashtra",2019,0.689
"751","Maharashtra",2020,0.689
"752","Maharashtra",2021,0.683
"753","Maharashtra",2022,0.695
"754","Maharashtra",2023,0.69725
"755","Maharashtra",2024,0.6995
"756","Maharashtra",2025,0.70175
"757","Manipur",1990,0.5
"758","Manipur",1991,0.503
"759","Manipur",1992,0.509
"760","Manipur",1993,0.512
"761","Manipur",1994,0.517
"762","Manipur",1995,0.522
"763","Manipur",1996,0.528
"764","Manipur",1997,0.533
"765","Manipur",1998,0.54
"766","Manipur",1999,0.547
"767","Manipur",2000,0.552
"768","Manipur",2001,0.556
"769","Manipur",2002,0.562
"770","Manipur",2003,0.574
"771","Manipur",2004,0.582
"772","Manipur",2005,0.591
"773","Manipur",2006,0.6
"774","Manipur",2007,0.619
"775","Manipur",2008,0.636
"776","Manipur",2009,0.652
"777","Manipur",2010,0.672
"778","Manipur",2011,0.696
"779","Manipur",2012,0.714
"780","Manipur",2013,0.703
"781","Manipur",2014,0.695
"782","Manipur",2015,0.686
"783","Manipur",2016,0.678
"784","Manipur",2017,0.682
"785","Manipur",2018,0.678
"786","Manipur",2019,0.676
"787","Manipur",2020,0.676
"788","Manipur",2021,0.671
"789","Manipur",2022,0.683
"790","Manipur",2023,0.68425
"791","Manipur",2024,0.6855
"792","Manipur",2025,0.68675
"793","Meghalaya",1990,0.461
"794","Meghalaya",1991,0.464
"795","Meghalaya",1992,0.469
"796","Meghalaya",1993,0.467
"797","Meghalaya",1994,0.465
"798","Meghalaya",1995,0.465
"799","Meghalaya",1996,0.464
"800","Meghalaya",1997,0.462
"801","Meghalaya",1998,0.461
"802","Meghalaya",1999,0.461
"803","Meghalaya",2000,0.47
"804","Meghalaya",2001,0.477
"805","Meghalaya",2002,0.487
"806","Meghalaya",2003,0.502
"807","Meghalaya",2004,0.514
"808","Meghalaya",2005,0.526
"809","Meghalaya",2006,0.538
"810","Meghalaya",2007,0.558
"811","Meghalaya",2008,0.575
"812","Meghalaya",2009,0.591
"813","Meghalaya",2010,0.611
"814","Meghalaya",2011,0.634
"815","Meghalaya",2012,0.652
"816","Meghalaya",2013,0.646
"817","Meghalaya",2014,0.645
"818","Meghalaya",2015,0.641
"819","Meghalaya",2016,0.64
"820","Meghalaya",2017,0.645
"821","Meghalaya",2018,0.642
"822","Meghalaya",2019,0.643
"823","Meghalaya",2020,0.643
"824","Meghalaya",2021,0.637
"825","Meghalaya",2022,0.65
"826","Meghalaya",2023,0.652
"827","Meghalaya",2024,0.654
"828","Meghalaya",2025,0.656
"829","Mizoram",1990,0.532
"830","Mizoram",1991,0.535
"831","Mizoram",1992,0.541
"832","Mizoram",1993,0.541
"833","Mizoram",1994,0.542
"834","Mizoram",1995,0.543
"835","Mizoram",1996,0.546
"836","Mizoram",1997,0.547
"837","Mizoram",1998,0.55
"838","Mizoram",1999,0.553
"839","Mizoram",2000,0.563
"840","Mizoram",2001,0.571
"841","Mizoram",2002,0.581
"842","Mizoram",2003,0.598
"843","Mizoram",2004,0.611
"844","Mizoram",2005,0.624
"845","Mizoram",2006,0.637
"846","Mizoram",2007,0.648
"847","Mizoram",2008,0.657
"848","Mizoram",2009,0.664
"849","Mizoram",2010,0.676
"850","Mizoram",2011,0.693
"851","Mizoram",2012,0.703
"852","Mizoram",2013,0.697
"853","Mizoram",2014,0.694
"854","Mizoram",2015,0.689
"855","Mizoram",2016,0.687
"856","Mizoram",2017,0.696
"857","Mizoram",2018,0.698
"858","Mizoram",2019,0.703
"859","Mizoram",2020,0.703
"860","Mizoram",2021,0.697
"861","Mizoram",2022,0.709
"862","Mizoram",2023,0.71175
"863","Mizoram",2024,0.7145
"864","Mizoram",2025,0.71725
"865","Nagaland",1990,0.539
"866","Nagaland",1991,0.542
"867","Nagaland",1992,0.548
"868","Nagaland",1993,0.541
"869","Nagaland",1994,0.535
"870","Nagaland",1995,0.53
"871","Nagaland",1996,0.526
"872","Nagaland",1997,0.521
"873","Nagaland",1998,0.516
"874","Nagaland",1999,0.513
"875","Nagaland",2000,0.516
"876","Nagaland",2001,0.519
"877","Nagaland",2002,0.524
"878","Nagaland",2003,0.536
"879","Nagaland",2004,0.543
"880","Nagaland",2005,0.55
"881","Nagaland",2006,0.558
"882","Nagaland",2007,0.583
"883","Nagaland",2008,0.605
"884","Nagaland",2009,0.626
"885","Nagaland",2010,0.651
"886","Nagaland",2011,0.68
"887","Nagaland",2012,0.703
"888","Nagaland",2013,0.69
"889","Nagaland",2014,0.682
"890","Nagaland",2015,0.671
"891","Nagaland",2016,0.662
"892","Nagaland",2017,0.669
"893","Nagaland",2018,0.669
"894","Nagaland",2019,0.672
"895","Nagaland",2020,0.672
"896","Nagaland",2021,0.667
"897","Nagaland",2022,0.679
"898","Nagaland",2023,0.6815
"899","Nagaland",2024,0.684
"900","Nagaland",2025,0.6865
"901","Odisha",1990,0.403
"902","Odisha",1991,0.405
"903","Odisha",1992,0.409
"904","Odisha",1993,0.413
"905","Odisha",1994,0.418
"906","Odisha",1995,0.423
"907","Odisha",1996,0.43
"908","Odisha",1997,0.434
"909","Odisha",1998,0.44
"910","Odisha",1999,0.447
"911","Odisha",2000,0.451
"912","Odisha",2001,0.455
"913","Odisha",2002,0.46
"914","Odisha",2003,0.472
"915","Odisha",2004,0.479
"916","Odisha",2005,0.487
"917","Odisha",2006,0.495
"918","Odisha",2007,0.504
"919","Odisha",2008,0.511
"920","Odisha",2009,0.517
"921","Odisha",2010,0.527
"922","Odisha",2011,0.54
"923","Odisha",2012,0.548
"924","Odisha",2013,0.556
"925","Odisha",2014,0.568
"926","Odisha",2015,0.578
"927","Odisha",2016,0.59
"928","Odisha",2017,0.598
"929","Odisha",2018,0.599
"930","Odisha",2019,0.603
"931","Odisha",2020,0.603
"932","Odisha",2021,0.598
"933","Odisha",2022,0.61
"934","Odisha",2023,0.61275
"935","Odisha",2024,0.6155
"936","Odisha",2025,0.61825
"937","Puducherry",1990,0.711
"938","Puducherry",1991,0.716
"939","Puducherry",1992,0.723
"940","Puducherry",1993,0.725
"941","Puducherry",1994,0.722
"942","Puducherry",1995,0.719
"943","Puducherry",1996,0.718
"944","Puducherry",1997,0.716
"945","Puducherry",1998,0.715
"946","Puducherry",1999,0.717
"947","Puducherry",2000,0.719
"948","Puducherry",2001,0.72
"949","Puducherry",2002,0.723
"950","Puducherry",2003,0.735
"951","Puducherry",2004,0.741
"952","Puducherry",2005,0.748
"953","Puducherry",2006,0.754
"954","Puducherry",2007,0.749
"955","Puducherry",2008,0.743
"956","Puducherry",2009,0.735
"957","Puducherry",2010,0.732
"958","Puducherry",2011,0.735
"959","Puducherry",2012,0.732
"960","Puducherry",2013,0.727
"961","Puducherry",2014,0.726
"962","Puducherry",2015,0.722
"963","Puducherry",2016,0.721
"964","Puducherry",2017,0.729
"965","Puducherry",2018,0.731
"966","Puducherry",2019,0.735
"967","Puducherry",2020,0.735
"968","Puducherry",2021,0.729
"969","Puducherry",2022,0.741
"970","Puducherry",2023,0.7435
"971","Puducherry",2024,0.746
"972","Puducherry",2025,0.7485
"973","Punjab",1990,0.502
"974","Punjab",1991,0.505
"975","Punjab",1992,0.51
"976","Punjab",1993,0.517
"977","Punjab",1994,0.524
"978","Punjab",1995,0.532
"979","Punjab",1996,0.541
"980","Punjab",1997,0.549
"981","Punjab",1998,0.558
"982","Punjab",1999,0.568
"983","Punjab",2000,0.572
"984","Punjab",2001,0.575
"985","Punjab",2002,0.58
"986","Punjab",2003,0.593
"987","Punjab",2004,0.6
"988","Punjab",2005,0.608
"989","Punjab",2006,0.616
"990","Punjab",2007,0.626
"991","Punjab",2008,0.633
"992","Punjab",2009,0.638
"993","Punjab",2010,0.648
"994","Punjab",2011,0.662
"995","Punjab",2012,0.67
"996","Punjab",2013,0.677
"997","Punjab",2014,0.687
"998","Punjab",2015,0.695
"999","Punjab",2016,0.706
"1000","Punjab",2017,0.705
"1001","Punjab",2018,0.696
"1002","Punjab",2019,0.691
"1003","Punjab",2020,0.692
"1004","Punjab",2021,0.685
"1005","Punjab",2022,0.698
"1006","Punjab",2023,0.6985
"1007","Punjab",2024,0.699
"1008","Punjab",2025,0.6995
"1009","Rajasthan",1990,0.406
"1010","Rajasthan",1991,0.408
"1011","Rajasthan",1992,0.413
"1012","Rajasthan",1993,0.418
"1013","Rajasthan",1994,0.424
"1014","Rajasthan",1995,0.431
"1015","Rajasthan",1996,0.438
"1016","Rajasthan",1997,0.443
"1017","Rajasthan",1998,0.449
"1018","Rajasthan",1999,0.457
"1019","Rajasthan",2000,0.462
"1020","Rajasthan",2001,0.466
"1021","Rajasthan",2002,0.472
"1022","Rajasthan",2003,0.485
"1023","Rajasthan",2004,0.494
"1024","Rajasthan",2005,0.503
"1025","Rajasthan",2006,0.512
"1026","Rajasthan",2007,0.52
"1027","Rajasthan",2008,0.526
"1028","Rajasthan",2009,0.53
"1029","Rajasthan",2010,0.539
"1030","Rajasthan",2011,0.552
"1031","Rajasthan",2012,0.559
"1032","Rajasthan",2013,0.57
"1033","Rajasthan",2014,0.585
"1034","Rajasthan",2015,0.598
"1035","Rajasthan",2016,0.614
"1036","Rajasthan",2017,0.628
"1037","Rajasthan",2018,0.635
"1038","Rajasthan",2019,0.645
"1039","Rajasthan",2020,0.645
"1040","Rajasthan",2021,0.64
"1041","Rajasthan",2022,0.652
"1042","Rajasthan",2023,0.65625
"1043","Rajasthan",2024,0.6605
"1044","Rajasthan",2025,0.66475
"1045","Sikkim",1990,0.546
"1046","Sikkim",1991,0.549
"1047","Sikkim",1992,0.555
"1048","Sikkim",1993,0.549
"1049","Sikkim",1994,0.545
"1050","Sikkim",1995,0.542
"1051","Sikkim",1996,0.541
"1052","Sikkim",1997,0.538
"1053","Sikkim",1998,0.536
"1054","Sikkim",1999,0.536
"1055","Sikkim",2000,0.542
"1056","Sikkim",2001,0.546
"1057","Sikkim",2002,0.553
"1058","Sikkim",2003,0.567
"1059","Sikkim",2004,0.576
"1060","Sikkim",2005,0.585
"1061","Sikkim",2006,0.594
"1062","Sikkim",2007,0.603
"1063","Sikkim",2008,0.61
"1064","Sikkim",2009,0.615
"1065","Sikkim",2010,0.625
"1066","Sikkim",2011,0.638
"1067","Sikkim",2012,0.645
"1068","Sikkim",2013,0.656
"1069","Sikkim",2014,0.672
"1070","Sikkim",2015,0.684
"1071","Sikkim",2016,0.7
"1072","Sikkim",2017,0.706
"1073","Sikkim",2018,0.704
"1074","Sikkim",2019,0.705
"1075","Sikkim",2020,0.705
"1076","Sikkim",2021,0.699
"1077","Sikkim",2022,0.712
"1078","Sikkim",2023,0.714
"1079","Sikkim",2024,0.716
"1080","Sikkim",2025,0.718
"1081","Tamil Nadu",1990,0.476
"1082","Tamil Nadu",1991,0.478
"1083","Tamil Nadu",1992,0.484
"1084","Tamil Nadu",1993,0.488
"1085","Tamil Nadu",1994,0.494
"1086","Tamil Nadu",1995,0.5
"1087","Tamil Nadu",1996,0.507
"1088","Tamil Nadu",1997,0.513
"1089","Tamil Nadu",1998,0.519
"1090","Tamil Nadu",1999,0.528
"1091","Tamil Nadu",2000,0.536
"1092","Tamil Nadu",2001,0.543
"1093","Tamil Nadu",2002,0.552
"1094","Tamil Nadu",2003,0.569
"1095","Tamil Nadu",2004,0.581
"1096","Tamil Nadu",2005,0.593
"1097","Tamil Nadu",2006,0.606
"1098","Tamil Nadu",2007,0.615
"1099","Tamil Nadu",2008,0.622
"1100","Tamil Nadu",2009,0.628
"1101","Tamil Nadu",2010,0.638
"1102","Tamil Nadu",2011,0.653
"1103","Tamil Nadu",2012,0.662
"1104","Tamil Nadu",2013,0.667
"1105","Tamil Nadu",2014,0.676
"1106","Tamil Nadu",2015,0.682
"1107","Tamil Nadu",2016,0.691
"1108","Tamil Nadu",2017,0.693
"1109","Tamil Nadu",2018,0.687
"1110","Tamil Nadu",2019,0.685
"1111","Tamil Nadu",2020,0.685
"1112","Tamil Nadu",2021,0.679
"1113","Tamil Nadu",2022,0.692
"1114","Tamil Nadu",2023,0.69325
"1115","Tamil Nadu",2024,0.6945
"1116","Tamil Nadu",2025,0.69575
"1117","Telangana",1990,0.624
"1118","Telangana",1991,0.628
"1119","Telangana",1992,0.634
"1120","Telangana",1993,0.628
"1121","Telangana",1994,0.624
"1122","Telangana",1995,0.621
"1123","Telangana",1996,0.619
"1124","Telangana",1997,0.617
"1125","Telangana",1998,0.615
"1126","Telangana",1999,0.615
"1127","Telangana",2000,0.617
"1128","Telangana",2001,0.618
"1129","Telangana",2002,0.621
"1130","Telangana",2003,0.632
"1131","Telangana",2004,0.637
"1132","Telangana",2005,0.643
"1133","Telangana",2006,0.649
"1134","Telangana",2007,0.644
"1135","Telangana",2008,0.638
"1136","Telangana",2009,0.63
"1137","Telangana",2010,0.628
"1138","Telangana",2011,0.63
"1139","Telangana",2012,0.627
"1140","Telangana",2013,0.63
"1141","Telangana",2014,0.638
"1142","Telangana",2015,0.644
"1143","Telangana",2016,0.653
"1144","Telangana",2017,0.657
"1145","Telangana",2018,0.653
"1146","Telangana",2019,0.653
"1147","Telangana",2020,0.653
"1148","Telangana",2021,0.647
"1149","Telangana",2022,0.66
"1150","Telangana",2023,0.66175
"1151","Telangana",2024,0.6635
"1152","Telangana",2025,0.66525
"1153","Tripura",1990,0.45
"1154","Tripura",1991,0.452
"1155","Tripura",1992,0.458
"1156","Tripura",1993,0.465
"1157","Tripura",1994,0.474
"1158","Tripura",1995,0.483
"1159","Tripura",1996,0.493
"1160","Tripura",1997,0.501
"1161","Tripura",1998,0.511
"1162","Tripura",1999,0.521
"1163","Tripura",2000,0.524
"1164","Tripura",2001,0.526
"1165","Tripura",2002,0.53
"1166","Tripura",2003,0.541
"1167","Tripura",2004,0.548
"1168","Tripura",2005,0.555
"1169","Tripura",2006,0.561
"1170","Tripura",2007,0.572
"1171","Tripura",2008,0.581
"1172","Tripura",2009,0.588
"1173","Tripura",2010,0.599
"1174","Tripura",2011,0.615
"1175","Tripura",2012,0.625
"1176","Tripura",2013,0.627
"1177","Tripura",2014,0.633
"1178","Tripura",2015,0.636
"1179","Tripura",2016,0.642
"1180","Tripura",2017,0.637
"1181","Tripura",2018,0.626
"1182","Tripura",2019,0.617
"1183","Tripura",2020,0.617
"1184","Tripura",2021,0.612
"1185","Tripura",2022,0.624
"1186","Tripura",2023,0.6235
"1187","Tripura",2024,0.623
"1188","Tripura",2025,0.6225
"1189","Uttar Pradesh",1990,0.398
"1190","Uttar Pradesh",1991,0.401
"1191","Uttar Pradesh",1992,0.405
"1192","Uttar Pradesh",1993,0.411
"1193","Uttar Pradesh",1994,0.417
"1194","Uttar Pradesh",1995,0.423
"1195","Uttar Pradesh",1996,0.43
"1196","Uttar Pradesh",1997,0.436
"1197","Uttar Pradesh",1998,0.442
"1198","Uttar Pradesh",1999,0.45
"1199","Uttar Pradesh",2000,0.455
"1200","Uttar Pradesh",2001,0.46
"1201","Uttar Pradesh",2002,0.466
"1202","Uttar Pradesh",2003,0.479
"1203","Uttar Pradesh",2004,0.487
"1204","Uttar Pradesh",2005,0.496
"1205","Uttar Pradesh",2006,0.505
"1206","Uttar Pradesh",2007,0.512
"1207","Uttar Pradesh",2008,0.516
"1208","Uttar Pradesh",2009,0.519
"1209","Uttar Pradesh",2010,0.526
"1210","Uttar Pradesh",2011,0.536
"1211","Uttar Pradesh",2012,0.541
"1212","Uttar Pradesh",2013,0.548
"1213","Uttar Pradesh",2014,0.56
"1214","Uttar Pradesh",2015,0.568
"1215","Uttar Pradesh",2016,0.579
"1216","Uttar Pradesh",2017,0.591
"1217","Uttar Pradesh",2018,0.596
"1218","Uttar Pradesh",2019,0.604
"1219","Uttar Pradesh",2020,0.603
"1220","Uttar Pradesh",2021,0.598
"1221","Uttar Pradesh",2022,0.609
"1222","Uttar Pradesh",2023,0.61225
"1223","Uttar Pradesh",2024,0.6155
"1224","Uttar Pradesh",2025,0.61875
"1225","Uttarakhand",1990,0.627
"1226","Uttarakhand",1991,0.63
"1227","Uttarakhand",1992,0.636
"1228","Uttarakhand",1993,0.634
"1229","Uttarakhand",1994,0.629
"1230","Uttarakhand",1995,0.626
"1231","Uttarakhand",1996,0.624
"1232","Uttarakhand",1997,0.621
"1233","Uttarakhand",1998,0.619
"1234","Uttarakhand",1999,0.619
"1235","Uttarakhand",2000,0.62
"1236","Uttarakhand",2001,0.62
"1237","Uttarakhand",2002,0.623
"1238","Uttarakhand",2003,0.635
"1239","Uttarakhand",2004,0.641
"1240","Uttarakhand",2005,0.647
"1241","Uttarakhand",2006,0.653
"1242","Uttarakhand",2007,0.648
"1243","Uttarakhand",2008,0.641
"1244","Uttarakhand",2009,0.633
"1245","Uttarakhand",2010,0.631
"1246","Uttarakhand",2011,0.632
"1247","Uttarakhand",2012,0.629
"1248","Uttarakhand",2013,0.636
"1249","Uttarakhand",2014,0.647
"1250","Uttarakhand",2015,0.655
"1251","Uttarakhand",2016,0.666
"1252","Uttarakhand",2017,0.673
"1253","Uttarakhand",2018,0.672
"1254","Uttarakhand",2019,0.675
"1255","Uttarakhand",2020,0.675
"1256","Uttarakhand",2021,0.669
"1257","Uttarakhand",2022,0.681
"1258","Uttarakhand",2023,0.68325
"1259","Uttarakhand",2024,0.6855
"1260","Uttarakhand",2025,0.68775
"1261","West Bengal",1990,0.443
"1262","West Bengal",1991,0.446
"1263","West Bengal",1992,0.452
"1264","West Bengal",1993,0.456
"1265","West Bengal",1994,0.462
"1266","West Bengal",1995,0.468
"1267","West Bengal",1996,0.475
"1268","West Bengal",1997,0.481
"1269","West Bengal",1998,0.487
"1270","West Bengal",1999,0.495
"1271","West Bengal",2000,0.499
"1272","West Bengal",2001,0.502
"1273","West Bengal",2002,0.506
"1274","West Bengal",2003,0.518
"1275","West Bengal",2004,0.525
"1276","West Bengal",2005,0.532
"1277","West Bengal",2006,0.54
"1278","West Bengal",2007,0.547
"1279","West Bengal",2008,0.552
"1280","West Bengal",2009,0.556
"1281","West Bengal",2010,0.564
"1282","West Bengal",2011,0.575
"1283","West Bengal",2012,0.582
"1284","West Bengal",2013,0.59
"1285","West Bengal",2014,0.603
"1286","West Bengal",2015,0.613
"1287","West Bengal",2016,0.625
"1288","West Bengal",2017,0.63
"1289","West Bengal",2018,0.627
"1290","West Bengal",2019,0.628
"1291","West Bengal",2020,0.628
"1292","West Bengal",2021,0.623
"1293","West Bengal",2022,0.635
"1294","West Bengal",2023,0.637
"1295","West Bengal",2024,0.639
"1296","West Bengal",2025,0.641
